{"rect":[],"circle":[],"triangle":[],"scribble":[],"arrow":[],"ellipse":[{"id":"af865c02-cff8-467e-a0a6-518c6501b3c3","x":180.5737312148916,"y":102.0,"color":"black","strokeWidth":2.0,"radiusX":0.0,"radiusY":0.0},{"id":"ba1a381d-5398-4f0b-bdf0-dddf9354a977","x":129.5811510336875,"y":144.0,"color":"black","strokeWidth":2.0,"radiusX":0.0,"radiusY":0.0},{"id":"358df8d7-bad1-4d30-a426-67510bf040e8","x":250.56354714987762,"y":131.0,"color":"black","strokeWidth":2.0,"radiusX":139.97963186997205,"radiusY":36.0}]}